id,full_name,gender,country,car_make,email
1,Jakie Ilyinski,M,Colombia,Porsche,jilyinski0@blogspot.com
2,Constantino Placstone,M,Russia,Lexus,cplacstone1@php.net
3,Cornie Philipart,M,Indonesia,Audi,cphilipart2@homestead.com
4,Brear Heads,F,Bulgaria,Ford,bheads3@huffingtonpost.com
5,Magda Crosthwaite,F,China,Honda,mcrosthwaite4@who.int
6,Renelle Duckworth,M,Brazil,GMC,rduckworth5@livejournal.com
7,Meggy Brahams,F,Philippines,Pontiac,mbrahams6@liveinternet.ru
8,Nedda Jarrold,M,Honduras,Hyundai,njarrold7@friendfeed.com
9,Malinda Kleinlerer,M,Nicaragua,Saturn,mkleinlerer8@springer.com
10,Rustin le Keux,F,Greenland,Chevrolet,rle9@google.com.br
11,Gloriane Bettaney,F,Indonesia,Buick,gbettaneya@bigcartel.com
12,Colleen Killik,M,Philippines,Nissan,ckillikb@icq.com
13,Raimund Shilstone,M,Portugal,Mercury,rshilstonec@acquirethisname.com
14,Teddie McLeoid,F,Lithuania,GMC,tmcleoidd@nhs.uk
15,Marley Colquit,M,Philippines,Hummer,mcolquite@wisc.edu
16,Dav Farry,F,Philippines,Infiniti,dfarryf@youku.com
17,Risa Gemeau,M,Tunisia,Volkswagen,rgemeaug@abc.net.au
18,Llywellyn Schuelcke,F,Indonesia,Pontiac,lschuelckeh@kickstarter.com
19,Calvin Fierro,F,Indonesia,Volkswagen,cfierroi@smugmug.com
20,Matteo Bignal,F,Israel,Toyota,mbignalj@goo.ne.jp
21,Ryan Tunstall,M,Brazil,Audi,rtunstallk@washingtonpost.com
22,Marcia Moden,F,United States,BMW,mmodenl@upenn.edu
23,Oswell Stevens,F,China,Nissan,ostevensm@jiathis.com
24,Hugibert Tuff,F,Czech Republic,Dodge,htuffn@linkedin.com
25,Marius Silkston,F,Ireland,Saab,msilkstono@theatlantic.com
26,Yuma Roose,M,China,Chrysler,yroosep@wordpress.org
27,Brig Litherland,M,Iran,Chevrolet,blitherlandq@irs.gov
28,Tomkin Damant,F,Benin,Mazda,tdamantr@geocities.jp
29,Niven Houldin,F,Czech Republic,Dodge,nhouldins@admin.ch
30,Jordanna Kitchiner,F,Portugal,Mazda,jkitchinert@nsw.gov.au
31,Magdaia Tandy,M,Sweden,Ford,mtandyu@admin.ch
32,Shanan Caird,M,Vietnam,Volvo,scairdv@pbs.org
33,Dody Blueman,F,Uganda,Honda,dbluemanw@drupal.org
34,Lyn Wetter,F,Argentina,Volvo,lwetterx@list-manage.com
35,Nikola Rosenblath,M,France,Oldsmobile,nrosenblathy@furl.net
36,Zonnya Genese,F,Colombia,Acura,zgenesez@scientificamerican.com
37,Carrissa Furmonger,M,Iran,Lincoln,cfurmonger10@altervista.org
38,Allen Rolstone,M,Brazil,Mercedes-Benz,arolstone11@artisteer.com
39,Addy Butterworth,M,Russia,Aston Martin,abutterworth12@sciencedaily.com
40,Kizzee Sinclair,F,Russia,Mercedes-Benz,ksinclair13@yellowbook.com
41,Isidore Treuge,M,Latvia,Mazda,itreuge14@merriam-webster.com
42,Modesty Shatford,M,Sweden,Isuzu,mshatford15@marriott.com
43,Vinnie Monery,F,China,Nissan,vmonery16@howstuffworks.com
44,Tessi Powell,M,United Kingdom,Ford,tpowell17@fotki.com
45,Bil Moro,M,Nigeria,Acura,bmoro18@forbes.com
46,Carry Grioli,M,Indonesia,Mazda,cgrioli19@over-blog.com
47,Catlaina Desaur,M,Russia,Lexus,cdesaur1a@wp.com
48,Dalston Glasman,F,China,Chevrolet,dglasman1b@tinyurl.com
49,Gayler Di Domenico,M,Indonesia,GMC,gdi1c@state.tx.us
50,Vernon Flanigan,F,United States,Isuzu,vflanigan1d@usnews.com
51,Webster Fiske,F,Czech Republic,Ford,wfiske1e@wikispaces.com
52,Claudian Tonsley,F,Libya,Maserati,ctonsley1f@deviantart.com
53,Gena Huffa,M,Ethiopia,GMC,ghuffa1g@hhs.gov
54,Perri Aggas,M,Cyprus,Chrysler,paggas1h@cbslocal.com
55,Carlotta Glasby,M,Cambodia,Porsche,cglasby1i@tmall.com
56,Athene Lattimore,F,Spain,Chrysler,alattimore1j@house.gov
57,Merilyn Creese,F,Indonesia,Acura,mcreese1k@netscape.com
58,Melessa Gabbatt,F,Colombia,Infiniti,mgabbatt1l@desdev.cn
59,Roz Biggans,M,Mexico,Ford,rbiggans1m@liveinternet.ru
60,Lynsey Pavlitschek,M,Ukraine,BMW,lpavlitschek1n@cpanel.net
61,Mae Spawforth,F,United States,Mercedes-Benz,mspawforth1o@businesswire.com
62,Benyamin Doddemeade,M,Cameroon,Chevrolet,bdoddemeade1p@odnoklassniki.ru
63,Cindi MacTrustey,M,Sweden,GMC,cmactrustey1q@cyberchimps.com
64,Rosana Catmull,M,Argentina,Ferrari,rcatmull1r@artisteer.com
65,Leela Halkyard,M,United States,Chevrolet,lhalkyard1s@mapquest.com
66,Ricoriki Roden,M,United States,Volvo,rroden1t@hexun.com
67,Tracie Mennithorp,F,China,Hyundai,tmennithorp1u@amazon.com
68,Carly Cheeseman,M,Palestinian Territory,Plymouth,ccheeseman1v@imgur.com
69,Stevena Blaber,F,Nigeria,Mercedes-Benz,sblaber1w@mapy.cz
70,Ludovika Heritege,F,Ukraine,Chevrolet,lheritege1x@time.com
71,Bonnee Po,F,Thailand,Audi,bpo1y@go.com
72,Dael Gytesham,M,Indonesia,Pontiac,dgytesham1z@state.gov
73,Roselia Stripling,F,China,Pontiac,rstripling20@godaddy.com
74,Biddie Ewbank,F,Ukraine,Isuzu,bewbank21@fastcompany.com
75,Renell Lantiffe,M,Saint Kitts and Nevis,Ford,rlantiffe22@slashdot.org
76,Kaspar Yallowley,M,Peru,Chevrolet,kyallowley23@cloudflare.com
77,Evania Quickfall,M,Philippines,BMW,equickfall24@alexa.com
78,Madelene Brehat,F,Tajikistan,Chevrolet,mbrehat25@163.com
79,Sada Isted,F,Indonesia,Toyota,sisted26@nationalgeographic.com
80,Bail McTurk,F,Canada,Plymouth,bmcturk27@marriott.com
81,Gerianne Borkett,F,Philippines,MINI,gborkett28@de.vu
82,Sissy Zielinski,M,El Salvador,Chevrolet,szielinski29@aol.com
83,Marnia Deeny,M,Egypt,Chrysler,mdeeny2a@usa.gov
84,Abbie Roux,F,China,Ford,aroux2b@t-online.de
85,Aretha Stothard,M,Portugal,Mazda,astothard2c@bluehost.com
86,Dannye Cheshire,M,Indonesia,Chevrolet,dcheshire2d@themeforest.net
87,Jefferey Petts,M,China,Maybach,jpetts2e@foxnews.com
88,Gauthier Dubery,F,Philippines,Mitsubishi,gdubery2f@gnu.org
89,Hewett Mufford,M,Indonesia,Ford,hmufford2g@de.vu
90,Junette Merigeau,F,China,Chevrolet,jmerigeau2h@over-blog.com
91,Phil Bugbird,M,Indonesia,Nissan,pbugbird2i@cnbc.com
92,Vaughn Baldini,M,Indonesia,Jaguar,vbaldini2j@senate.gov
93,Evaleen Goodyear,F,Russia,Nissan,egoodyear2k@spotify.com
94,Nydia Phillp,F,Canada,Chevrolet,nphillp2l@google.it
95,Emiline Russo,F,Brazil,Toyota,erusso2m@soundcloud.com
96,Marie-ann Fines,F,China,Hyundai,mfines2n@foxnews.com
97,Guillemette Melson,M,Sweden,Chevrolet,gmelson2o@ustream.tv
98,Dasya Culpen,F,Ireland,Honda,dculpen2p@tuttocitta.it
99,Kristoffer Stickens,M,Indonesia,Ford,kstickens2q@angelfire.com
100,Lilias Teggin,M,,,
101,Korella Kears,M,Russia,Mercury,kkears2s@wix.com
102,Lorry Stanyon,F,Peru,Chrysler,lstanyon2t@apple.com
103,Effie Greenwell,M,Indonesia,Cadillac,egreenwell2u@posterous.com
104,Jock Bogaert,M,Philippines,Infiniti,jbogaert2v@rambler.ru
105,Jasper Shepley,M,Indonesia,Chevrolet,jshepley2w@nba.com
106,Letizia Sherwyn,M,Palestinian Territory,Chrysler,lsherwyn2x@ovh.net
107,Fax Curuclis,M,Guinea,Volvo,fcuruclis2y@oakley.com
108,Marion Fiennes,M,Indonesia,Mercedes-Benz,mfiennes2z@tuttocitta.it
109,Cob Crowdy,M,Portugal,Chevrolet,ccrowdy30@fc2.com
110,Davide Vasnetsov,F,Japan,Volvo,dvasnetsov31@trellian.com
111,Borden McSwan,M,Poland,Buick,bmcswan32@howstuffworks.com
112,Luz Cusworth,M,Philippines,Subaru,lcusworth33@eepurl.com
113,Harmonia Treher,M,Indonesia,Nissan,htreher34@1688.com
114,Chandal Furmage,F,Peru,Land Rover,cfurmage35@deliciousdays.com
115,Spike Brearton,F,Colombia,Pontiac,sbrearton36@baidu.com
116,Roselia Risson,M,Peru,Infiniti,rrisson37@deliciousdays.com
117,Rhona Crollman,M,Brazil,Mercury,rcrollman38@webnode.com
118,Minda McGrirl,M,Sweden,Volkswagen,mmcgrirl39@instagram.com
119,Maxi Phateplace,M,Russia,Chevrolet,mphateplace3a@uiuc.edu
120,Etienne Arkil,F,China,Lamborghini,earkil3b@java.com
121,Taddeo Kerslake,F,France,Pontiac,tkerslake3c@trellian.com
122,Coriss Lubman,M,Dominican Republic,Ford,clubman3d@scientificamerican.com
123,Marc Morritt,M,Poland,GMC,mmorritt3e@dyndns.org
124,Aigneis Culross,F,Mongolia,Nissan,aculross3f@dailymail.co.uk
125,Ana Thrower,F,France,Hyundai,athrower3g@pbs.org
126,Glyn Rippingale,F,Russia,Chrysler,grippingale3h@patch.com
127,Christel Neave,M,Pakistan,Hyundai,cneave3i@imgur.com
128,Perle Drinkel,M,Ukraine,Shelby,pdrinkel3j@linkedin.com
129,Efren Olyet,F,Haiti,Chevrolet,eolyet3k@webnode.com
130,Babs Hayto,F,China,Buick,bhayto3l@wisc.edu
131,Sherm Stigger,F,France,Nissan,sstigger3m@marketwatch.com
132,Adria Rickwood,F,Indonesia,Hyundai,arickwood3n@gmpg.org
133,Francklin Flea,F,Canada,Suzuki,fflea3o@dmoz.org
134,Artemis Tidd,M,China,Volkswagen,atidd3p@cdc.gov
135,Adora Banasiak,M,Indonesia,Oldsmobile,abanasiak3q@mozilla.com
136,Cassandre Le Quesne,F,Peru,Oldsmobile,cle3r@mapquest.com
137,Gilbert Girod,M,Russia,Mazda,ggirod3s@tiny.cc
138,Moselle Mowson,F,Indonesia,Pontiac,mmowson3t@senate.gov
139,Eulalie Clavey,F,Niger,Land Rover,eclavey3u@google.fr
140,Chas Ruse,M,Philippines,Cadillac,cruse3v@tiny.cc
141,Mada Arnold,M,Honduras,Pontiac,marnold3w@reverbnation.com
142,Alberik Fryman,M,Philippines,Ford,afryman3x@seattletimes.com
143,Lora Ricoald,M,,,
144,Coop Hinckesman,M,France,Mercedes-Benz,chinckesman3z@elpais.com
145,Isacco Lewry,F,China,Toyota,ilewry40@mashable.com
146,Alexandr Mattiazzo,F,Thailand,Toyota,amattiazzo41@merriam-webster.com
147,Sybil Arnason,M,United States,Chevrolet,sarnason42@xrea.com
148,Brigit Walicki,M,Indonesia,Chevrolet,bwalicki43@w3.org
149,Cassey Clohissy,F,Kazakhstan,Chevrolet,cclohissy44@unc.edu
150,Giorgia Garret,M,China,Infiniti,ggarret45@time.com
151,Bartolomeo Harfoot,F,Greece,Pontiac,bharfoot46@craigslist.org
152,Westleigh Myton,F,Czech Republic,Dodge,wmyton47@usgs.gov
153,Dane MacGuiness,F,Poland,Cadillac,dmacguiness48@usgs.gov
154,Allyn Gruszczak,M,Venezuela,BMW,agruszczak49@clickbank.net
155,Adolphus Lamlin,F,Honduras,Ford,alamlin4a@netlog.com
156,Irma Rihanek,F,China,Chevrolet,irihanek4b@nytimes.com
157,Adi Sommers,M,Serbia,Volkswagen,asommers4c@shop-pro.jp
158,Lethia Kiledal,F,Uzbekistan,Isuzu,lkiledal4d@slate.com
159,Kelci Nicely,M,China,Toyota,knicely4e@unc.edu
160,Vonni Lorenzo,F,Burkina Faso,Ford,vlorenzo4f@google.com.au
161,Raina Kaliszewski,F,Czech Republic,Mercury,rkaliszewski4g@sbwire.com
162,Mischa Hurn,M,Indonesia,Buick,mhurn4h@kickstarter.com
163,Jabez Orridge,F,China,Pontiac,jorridge4i@yellowpages.com
164,Ninette Hayton,M,Indonesia,MINI,nhayton4j@ox.ac.uk
165,Juanita A'field,F,Indonesia,Saturn,jafield4k@theglobeandmail.com
166,Bonita Troppmann,M,China,Lamborghini,btroppmann4l@loc.gov
167,Johnette Sprowles,F,Brazil,Chrysler,jsprowles4m@dot.gov
168,Gayleen Clemencet,M,China,Honda,gclemencet4n@usda.gov
169,Jaquith Klemensiewicz,M,Barbados,Honda,jklemensiewicz4o@house.gov
170,Vincenty Wrightem,F,Thailand,Pontiac,vwrightem4p@last.fm
171,Benjie Toft,F,France,Chrysler,btoft4q@msu.edu
172,Cyril De Morena,F,China,Toyota,cde4r@mysql.com
173,Laurena Larham,M,Colombia,Mazda,llarham4s@networkadvertising.org
174,Simone Seebright,M,Greece,Chevrolet,sseebright4t@flickr.com
175,Berkley McLarnon,M,France,Cadillac,bmclarnon4u@naver.com
176,Kippy Gresty,M,Vietnam,Ford,kgresty4v@ustream.tv
177,Eunice McRobb,F,Thailand,Mercury,emcrobb4w@google.de
178,L;urette Lauxmann,M,Brazil,Pontiac,llauxmann4x@linkedin.com
179,Erskine Casiroli,F,Poland,Buick,ecasiroli4y@squarespace.com
180,Kerri Beamand,M,Russia,Audi,kbeamand4z@slideshare.net
181,Minne Lerven,F,Morocco,Nissan,mlerven50@sbwire.com
182,Burnard Gordge,M,Philippines,Ford,bgordge51@mit.edu
183,Idelle Dark,M,Philippines,Plymouth,idark52@bravesites.com
184,Isaac Stapley,F,China,Ford,istapley53@house.gov
185,Fernando Siret,F,Micronesia,BMW,fsiret54@washington.edu
186,Town Robjents,F,Indonesia,Pontiac,trobjents55@sohu.com
187,Gannon Cassy,F,Poland,Ford,gcassy56@blogger.com
188,Lolly Critoph,M,Ukraine,Honda,lcritoph57@slashdot.org
189,Karlens Ferrettini,F,Austria,Toyota,kferrettini58@networkadvertising.org
190,Allie Leband,M,Russia,Lincoln,aleband59@oakley.com
191,Aron Allerton,M,France,Lexus,aallerton5a@dion.ne.jp
192,Cosimo Aguirre,F,China,Cadillac,caguirre5b@ted.com
193,Bear Hartright,M,Russia,Mercedes-Benz,bhartright5c@addtoany.com
194,Sayers Le Barr,M,United States,Chevrolet,sle5d@ovh.net
195,Jeffry Ball,F,China,Chrysler,jball5e@soup.io
196,Alano Stainer,F,France,Kia,astainer5f@msu.edu
197,Arline Robuchon,F,Indonesia,Ford,arobuchon5g@cafepress.com
198,Veda Godsmark,F,Russia,Chevrolet,vgodsmark5h@slate.com
199,Florie Lording,F,Tunisia,Lexus,flording5i@t-online.de
200,Etienne Screase,M,France,Jeep,escrease5j@i2i.jp
201,Alejandrina Gettens,F,Cameroon,Mercury,agettens5k@friendfeed.com
202,Daveen Meneux,F,China,Dodge,dmeneux5l@cpanel.net
203,Brenna Conner,M,Ukraine,Mercedes-Benz,bconner5m@artisteer.com
204,Imogen Reame,F,Thailand,Honda,ireame5n@go.com
205,Benjamin Cockings,M,Ukraine,Porsche,bcockings5o@zdnet.com
206,Jesus Crowth,F,Indonesia,Porsche,jcrowth5p@sina.com.cn
207,Damara Everiss,F,Tunisia,Chevrolet,deveriss5q@kickstarter.com
208,Chiquita Barkly,F,China,Toyota,cbarkly5r@miitbeian.gov.cn
209,Marcellus Kardos,F,France,Toyota,mkardos5s@goo.ne.jp
210,Tamar Bridgwood,F,Nepal,Volvo,tbridgwood5t@skype.com
211,Cecilio Muldrew,F,Kenya,Dodge,cmuldrew5u@biglobe.ne.jp
212,Ulrica Scarrott,M,,,
213,Lilas Meineking,F,Brazil,Ford,lmeineking5w@msn.com
214,Alphonso Rack,M,Russia,Ford,arack5x@sfgate.com
215,Jolyn Cocke,M,Brazil,Fairthorpe,jcocke5y@woothemes.com
216,Jabez Spowage,F,Indonesia,Chrysler,jspowage5z@histats.com
217,Aggi Rany,F,Pakistan,Dodge,arany60@shareasale.com
218,Sayre Borrel,F,China,Pontiac,sborrel61@indiegogo.com
219,Rem Peasegood,M,Indonesia,Cadillac,rpeasegood62@oracle.com
220,Gilemette Swayne,F,Japan,Ford,gswayne63@ebay.com
221,Winthrop Chate,M,Russia,Chevrolet,wchate64@oaic.gov.au
222,Brook Willeman,M,Philippines,Aston Martin,bwilleman65@icio.us
223,Audry Treacher,M,Indonesia,GMC,atreacher66@mozilla.org
224,Tallulah Tipens,M,Ukraine,Mitsubishi,ttipens67@ibm.com
225,Lesya Ford,M,Lithuania,Mitsubishi,lford68@ihg.com
226,Nicholas Thynne,F,Sweden,Mercury,nthynne69@biglobe.ne.jp
227,Clive Brugemann,M,Japan,Lincoln,cbrugemann6a@geocities.com
228,Winnifred Cossons,M,Belarus,Chrysler,wcossons6b@yelp.com
229,Jackson Braywood,M,Kazakhstan,Spyker,jbraywood6c@google.nl
230,Drusilla Courtes,F,China,Aptera,dcourtes6d@studiopress.com
231,Myriam Brickner,M,Philippines,Chrysler,mbrickner6e@apache.org
232,Tobe McKain,F,China,Ford,tmckain6f@zimbio.com
233,Carmine Carabet,M,Lithuania,GMC,ccarabet6g@webmd.com
234,Shelton Spincke,M,Afghanistan,Land Rover,sspincke6h@free.fr
235,Allie Filochov,M,China,Ford,afilochov6i@engadget.com
236,Dulci Andryunin,M,Portugal,Land Rover,dandryunin6j@seattletimes.com
237,Martica Windrass,F,Vietnam,Dodge,mwindrass6k@fda.gov
238,Joly Pactat,F,Poland,Chevrolet,jpactat6l@issuu.com
239,Mariel Blench,M,Japan,Daihatsu,mblench6m@wufoo.com
240,Novelia Stroulger,M,China,Mercury,nstroulger6n@tinypic.com
241,Kin Bohills,M,Malaysia,Pontiac,kbohills6o@ameblo.jp
242,Etti Gebhard,M,Poland,Audi,egebhard6p@e-recht24.de
243,Dulcie Northridge,F,Indonesia,Eagle,dnorthridge6q@ox.ac.uk
244,Zorina Wenderoth,F,Egypt,Hummer,zwenderoth6r@stumbleupon.com
245,Beverly Oldrey,M,China,Ford,boldrey6s@gov.uk
246,Stillmann Iliffe,M,Albania,Chevrolet,siliffe6t@amazon.co.jp
247,Saxe Pitchers,M,Malaysia,Buick,spitchers6u@devhub.com
248,Johna Deering,M,Philippines,Mercury,jdeering6v@columbia.edu
249,Garold Strickett,M,Portugal,Hummer,gstrickett6w@csmonitor.com
250,Moises Harbisher,M,China,Nissan,mharbisher6x@apache.org
251,Kincaid Ivatts,M,Iran,Mazda,kivatts6y@miitbeian.gov.cn
252,Donia Ilyukhov,F,Czech Republic,Lincoln,dilyukhov6z@google.com.hk
253,Ailee Jephson,M,Honduras,Volvo,ajephson70@wikipedia.org
254,Vivien Graddell,F,Philippines,Chevrolet,vgraddell71@alibaba.com
255,Benton Denerley,M,Belarus,Cadillac,bdenerley72@apache.org
256,Olenka Wooton,F,Poland,Buick,owooton73@vk.com
257,Petronille Edinburough,M,Portugal,Subaru,pedinburough74@imgur.com
258,Jaquelin Flewin,M,,,
259,Idalina Guite,M,China,Volvo,iguite76@lulu.com
260,Catlin McGibbon,F,Portugal,Volvo,cmcgibbon77@marriott.com
261,Maryjo Daniellot,M,Greece,Pontiac,mdaniellot78@51.la
262,Raynell Harrisson,F,Indonesia,Chevrolet,rharrisson79@addthis.com
263,Robbi Appleyard,F,France,Lincoln,rappleyard7a@barnesandnoble.com
264,Pearla Tondeur,F,Portugal,Ford,ptondeur7b@myspace.com
265,Micki Rockingham,F,Poland,Ford,mrockingham7c@nyu.edu
266,Mickey Volke,F,Namibia,Chevrolet,mvolke7d@answers.com
267,Christalle Bridgstock,M,Russia,Saturn,cbridgstock7e@nih.gov
268,Inness Sporner,M,China,Porsche,isporner7f@howstuffworks.com
269,Catlaina Devericks,F,Brazil,Chrysler,cdevericks7g@rediff.com
270,Merilee Chase,F,Czech Republic,Volkswagen,mchase7h@webnode.com
271,Serena Sillito,F,Finland,Mazda,ssillito7i@yahoo.co.jp
272,Nicoline Ferebee,M,Poland,Ford,nferebee7j@comcast.net
273,Muffin Lovejoy,M,Portugal,Land Rover,mlovejoy7k@army.mil
274,Gale Cookley,M,Mexico,Mitsubishi,gcookley7l@harvard.edu
275,Adah Labet,F,China,GMC,alabet7m@jimdo.com
276,Roseanne Heugh,M,Indonesia,Mitsubishi,rheugh7n@fotki.com
277,Antonin Oakden,M,Colombia,Audi,aoakden7o@whitehouse.gov
278,Willy Stannis,F,Canada,Buick,wstannis7p@ovh.net
279,Addia Costley,M,China,Subaru,acostley7q@github.com
280,Rickard Craythorn,M,Madagascar,Mitsubishi,rcraythorn7r@instagram.com
281,Shanie Stathers,M,Philippines,Ford,sstathers7s@netlog.com
282,Jefferey Pigdon,M,China,Volkswagen,jpigdon7t@goo.ne.jp
283,Wilow Simoncello,M,Mexico,BMW,wsimoncello7u@shutterfly.com
284,Bridie Barnewall,F,Nepal,Chrysler,bbarnewall7v@shinystat.com
285,Ninette Campione,F,Jamaica,Audi,ncampione7w@comcast.net
286,Irwin McGragh,M,China,Suzuki,imcgragh7x@skyrock.com
287,Valdemar Dally,M,Philippines,Lotus,vdally7y@sciencedaily.com
288,Lois Allaway,F,Finland,Volvo,lallaway7z@nyu.edu
289,Harry Swinglehurst,F,Portugal,Nissan,hswinglehurst80@unc.edu
290,Lib Tournie,M,Venezuela,Ford,ltournie81@dyndns.org
291,Aundrea Zavattari,M,Latvia,Nissan,azavattari82@abc.net.au
292,Ashbey Brixey,M,France,Honda,abrixey83@senate.gov
293,Kassi Clemente,F,Japan,Mercedes-Benz,kclemente84@smugmug.com
294,Wolf Febvre,M,Indonesia,Toyota,wfebvre85@uiuc.edu
295,Ginevra Andrag,F,Philippines,GMC,gandrag86@msu.edu
296,Beaufort Wreiford,F,China,Mercedes-Benz,bwreiford87@cpanel.net
297,Erek Vedyasov,M,Colombia,Chevrolet,evedyasov88@sciencedaily.com
298,Ulises Siggin,F,Malaysia,Mitsubishi,usiggin89@qq.com
299,Sam MacCook,F,Mexico,Hyundai,smaccook8a@paginegialle.it
300,Nada Feehily,M,Honduras,Mazda,nfeehily8b@sbwire.com
301,Conny Ninnoli,F,Argentina,GMC,cninnoli8c@com.com
302,Araldo Coley,M,China,Porsche,acoley8d@themeforest.net
303,Brendis Arno,M,Costa Rica,Acura,barno8e@reverbnation.com
304,Devinne Queenborough,M,Panama,Volkswagen,dqueenborough8f@baidu.com
305,Bobbie Rockall,M,Indonesia,Mazda,brockall8g@nih.gov
306,Nickie Pilmore,M,Argentina,Scion,npilmore8h@phpbb.com
307,Ezmeralda Fayter,F,Indonesia,Hyundai,efayter8i@reuters.com
308,Annamaria Astupenas,M,Indonesia,Jeep,aastupenas8j@discuz.net
309,Nalani Lauxmann,M,Russia,Lexus,nlauxmann8k@webnode.com
310,Abigael Luetkemeyers,M,Philippines,GMC,aluetkemeyers8l@twitpic.com
311,Neilla Loverock,F,Marshall Islands,Buick,nloverock8m@nhs.uk
312,Raff Mourton,F,Peru,Mitsubishi,rmourton8n@nsw.gov.au
313,Chrisy Grafton,M,Serbia,Mercury,cgrafton8o@ihg.com
314,Berky Filler,F,,,
315,Dov Gierck,F,Malaysia,Dodge,dgierck8q@timesonline.co.uk
316,Bari O' Hern,F,Philippines,Cadillac,bo8r@bluehost.com
317,Elora Smitten,M,Iran,Land Rover,esmitten8s@amazon.de
318,Noemi Crippill,F,Iran,BMW,ncrippill8t@mozilla.org
319,Annnora Gateley,F,Indonesia,Dodge,agateley8u@spiegel.de
320,Maitilde Gaskamp,F,Thailand,Mercury,mgaskamp8v@berkeley.edu
321,Paulo Lytton,M,Russia,Cadillac,plytton8w@ox.ac.uk
322,Gabbie Albury,M,Macedonia,Nissan,galbury8x@angelfire.com
323,Morganne Blundan,M,Indonesia,Chevrolet,mblundan8y@tumblr.com
324,Noami Swindin,M,China,Chevrolet,nswindin8z@webs.com
325,Tracey Beacom,F,Guatemala,Mazda,tbeacom90@t-online.de
326,Krispin Binne,F,China,Ford,kbinne91@facebook.com
327,Goldia Swanton,F,China,Isuzu,gswanton92@cyberchimps.com
328,Alfie Sabattier,F,Indonesia,Maybach,asabattier93@weebly.com
329,Malynda Graysmark,M,Spain,Hyundai,mgraysmark94@twitpic.com
330,Peder Sandham,M,China,Mitsubishi,psandham95@tamu.edu
331,Stu Audrey,M,Czech Republic,GMC,saudrey96@woothemes.com
332,Lindie Marchello,M,France,Toyota,lmarchello97@bloglines.com
333,Essie Batting,M,China,Chevrolet,ebatting98@infoseek.co.jp
334,Mufinella D'Adamo,F,Belarus,Ford,mdadamo99@ameblo.jp
335,Leone Glendinning,F,Philippines,GMC,lglendinning9a@flickr.com
336,Irene Goodale,F,United States,Mercedes-Benz,igoodale9b@earthlink.net
337,Lem Bohills,F,Portugal,Ford,lbohills9c@shop-pro.jp
338,Caresse Itzkin,M,Thailand,Kia,citzkin9d@marriott.com
339,Edyth Oneil,M,China,Buick,eoneil9e@cnn.com
340,Faustine Romei,M,China,Lotus,fromei9f@cloudflare.com
341,Ariel Winslet,F,Philippines,Hyundai,awinslet9g@bluehost.com
342,Derek Klimowicz,M,Belarus,GMC,dklimowicz9h@epa.gov
343,Winnie Blancowe,F,China,Maybach,wblancowe9i@samsung.com
344,Shurwood Trowell,F,Mexico,Ford,strowell9j@wisc.edu
345,Karrie Perree,F,Portugal,Chrysler,kperree9k@bbc.co.uk
346,Bernadina Klemmt,M,Thailand,Jaguar,bklemmt9l@bravesites.com
347,Louella Jirick,M,Brazil,Dodge,ljirick9m@behance.net
348,Salem Morkham,M,Russia,Ford,smorkham9n@surveymonkey.com
349,Corilla Chene,M,Czech Republic,Dodge,cchene9o@gnu.org
350,Rodolfo Hanna,F,Russia,Toyota,rhanna9p@cloudflare.com
351,Barny Grimolbie,F,Cuba,Ford,bgrimolbie9q@desdev.cn
352,Clari Tebald,F,Poland,Dodge,ctebald9r@bravesites.com
353,Deeann O'Bradain,M,Mexico,Pontiac,dobradain9s@epa.gov
354,Edvard Mayston,M,Kazakhstan,Infiniti,emayston9t@deviantart.com
355,Conny Grumley,F,China,Mazda,cgrumley9u@yahoo.com
356,Douglass Turle,M,Comoros,Ford,dturle9v@blinklist.com
357,Skipton Godsmark,F,China,Mercury,sgodsmark9w@netscape.com
358,Vilma Pietersen,M,Colombia,GMC,vpietersen9x@europa.eu
359,Rozella Nisby,M,China,Audi,rnisby9y@mit.edu
360,Tulley Van der Hoeven,M,China,Jeep,tvan9z@vimeo.com
361,Perren Lamball,M,Guatemala,Toyota,plamballa0@uiuc.edu
362,Mohandis Dockwra,F,Philippines,Ford,mdockwraa1@g.co
363,Tudor Grimsell,F,,,
364,Cordy Girtin,F,Australia,Jeep,cgirtina3@ted.com
365,Guss Rawlings,M,North Korea,GMC,grawlingsa4@independent.co.uk
366,Caddric Bilston,F,Colombia,Dodge,cbilstona5@flickr.com
367,Janet Shorrock,F,South Korea,Ford,jshorrocka6@illinois.edu
368,Jacynth Seaking,M,China,BMW,jseakinga7@jiathis.com
369,Shirl Housaman,F,Indonesia,Buick,shousamana8@wordpress.com
370,Skipper Adran,M,China,Lexus,sadrana9@foxnews.com
371,Giraud Slucock,M,Portugal,Mercury,gslucockaa@google.ca
372,Darrin Hadleigh,F,Kosovo,Mercury,dhadleighab@woothemes.com
373,Bernelle Elloit,M,China,Cadillac,belloitac@ning.com
374,Milty Foxley,F,Peru,Chrysler,mfoxleyad@ezinearticles.com
375,Paddie Rafe,F,Russia,Chrysler,prafeae@kickstarter.com
376,Samuel MacRury,F,China,Mercedes-Benz,smacruryaf@comcast.net
377,Aurel Pimme,F,Peru,Mazda,apimmeag@parallels.com
378,Jess Mould,M,Bahamas,Toyota,jmouldah@oakley.com
379,Aeriela Van den Hof,M,Indonesia,Volvo,avanai@amazon.com
380,Emanuel Hallewell,M,Sweden,Chrysler,ehallewellaj@geocities.com
381,Irvine Blare,F,China,Toyota,iblareak@harvard.edu
382,Bamby Penton,M,Indonesia,Mitsubishi,bpentonal@etsy.com
383,Abba Bernini,F,Poland,Mitsubishi,aberniniam@twitpic.com
384,Carolin McJerrow,M,China,Dodge,cmcjerrowan@sun.com
385,Bastian Byneth,M,Honduras,Mercedes-Benz,bbynethao@nsw.gov.au
386,Ninetta Sodeau,F,Indonesia,Volkswagen,nsodeauap@qq.com
387,Josh Gotfrey,M,France,Mazda,jgotfreyaq@ucsd.edu
388,Nadia Aitcheson,M,Sweden,Ford,naitchesonar@woothemes.com
389,Kit Mandeville,F,Brazil,Suzuki,kmandevilleas@webnode.com
390,Jamil Teale,F,Poland,Pontiac,jtealeat@wikimedia.org
391,Vanessa Leinweber,M,China,Volvo,vleinweberau@telegraph.co.uk
392,Milly Redparth,F,South Africa,Nissan,mredparthav@360.cn
393,Arman Kenner,M,Norway,Toyota,akenneraw@nature.com
394,Adele Trevaskis,F,Sweden,Suzuki,atrevaskisax@simplemachines.org
395,Owen Tideswell,M,China,Chevrolet,otideswellay@edublogs.org
396,Tanny Lamputt,F,Portugal,Maybach,tlamputtaz@a8.net
397,Priscilla Jentin,F,Philippines,Buick,pjentinb0@businesswire.com
398,Kipp Ryves,M,China,Mercury,kryvesb1@nbcnews.com
399,Sidonnie Pelling,M,Philippines,Smart,spellingb2@google.co.uk
400,Blayne Bilyard,M,China,Chevrolet,bbilyardb3@businessinsider.com
401,Raymond Meneely,F,Germany,Audi,rmeneelyb4@ycombinator.com
402,Cointon Kalinowsky,F,Japan,Dodge,ckalinowskyb5@ox.ac.uk
403,Roshelle Duck,F,Argentina,Pontiac,rduckb6@pcworld.com
404,Izaak Loding,F,China,Hyundai,ilodingb7@exblog.jp
405,Erick Mosey,M,Philippines,Dodge,emoseyb8@dagondesign.com
406,Worth Ilson,F,China,Land Rover,wilsonb9@lycos.com
407,Myra Gascard,F,United States,Hyundai,mgascardba@tuttocitta.it
408,Berri Laurentin,F,Hungary,Infiniti,blaurentinbb@un.org
409,Kalila Arend,F,China,Chevrolet,karendbc@hubpages.com
410,Leonelle Dosdale,M,Philippines,Mercedes-Benz,ldosdalebd@usnews.com
411,Daile Earp,F,Colombia,Lincoln,dearpbe@slashdot.org
412,Phil Lintott,M,Brazil,Buick,plintottbf@usa.gov
413,Herrick Rubenfeld,F,Nigeria,Chevrolet,hrubenfeldbg@mac.com
414,Derril Drinkel,M,China,Ford,ddrinkelbh@narod.ru
415,Merry Woolliams,M,South Korea,Mazda,mwoolliamsbi@nba.com
416,Mylo Kiehl,M,China,Land Rover,mkiehlbj@tuttocitta.it
417,Tracie Scapens,F,Thailand,Mitsubishi,tscapensbk@time.com
418,Frants Smuth,M,Germany,Audi,fsmuthbl@economist.com
419,Lowrance Neeves,M,United States,Chevrolet,lneevesbm@sciencedirect.com
420,Bartlet Duddridge,M,Moldova,Chevrolet,bduddridgebn@amazonaws.com
421,Anne Lenard,M,Sweden,Chevrolet,alenardbo@bbb.org
422,Meara Delicate,M,Brazil,Buick,mdelicatebp@drupal.org
423,Cassey Pinxton,F,,,
424,Hermia Rosenbush,M,Serbia,Land Rover,hrosenbushbr@nhs.uk
425,Elroy Paute,M,China,Ford,epautebs@un.org
426,Janenna Gulland,M,Belarus,Ford,jgullandbt@flavors.me
427,Annaliese Skarin,F,Russia,Land Rover,askarinbu@dot.gov
428,Dasi Vurley,M,China,Mercury,dvurleybv@gmpg.org
429,Allina Pacitti,F,Mongolia,Audi,apacittibw@wsj.com
430,Kirby Lowen,F,Indonesia,Ford,klowenbx@weibo.com
431,Jamaal Wybron,F,,,
432,Trescha Darrow,M,Brazil,Pontiac,tdarrowbz@mapquest.com
433,Annemarie Keyzor,F,United States,Suzuki,akeyzorc0@gizmodo.com
434,Karim Catterill,M,Indonesia,Ford,kcatterillc1@g.co
435,Domenico Kinnon,F,Uganda,Honda,dkinnonc2@hatena.ne.jp
436,Murry Ommundsen,M,China,Toyota,mommundsenc3@csmonitor.com
437,Horst Le Floch,F,Philippines,Mercury,hlec4@wikia.com
438,Elonore Devine,F,Sweden,GMC,edevinec5@dyndns.org
439,Karel Pau,F,Philippines,Dodge,kpauc6@privacy.gov.au
440,Lula Mathias,F,Russia,Volvo,lmathiasc7@pbs.org
441,Bren Barwack,M,China,Honda,bbarwackc8@unblog.fr
442,Dayle Ather,F,Syria,Honda,datherc9@weibo.com
443,Gannie Lerner,M,China,Honda,glernerca@loc.gov
444,Westley Forcade,F,Ukraine,Dodge,wforcadecb@youtu.be
445,Malanie Morena,M,Russia,Toyota,mmorenacc@sbwire.com
446,Albertine Parley,F,Czech Republic,Toyota,aparleycd@reverbnation.com
447,Judas De Francisci,F,Portugal,Infiniti,jdece@wunderground.com
448,Ginni Limpricht,F,China,Volvo,glimprichtcf@china.com.cn
449,Ruthe Bewshea,F,China,Porsche,rbewsheacg@sun.com
450,Dianemarie Greenhead,F,Indonesia,Ford,dgreenheadch@mozilla.org
451,Dagmar MacCombe,M,Portugal,Pontiac,dmaccombeci@si.edu
452,Sheba Baltrushaitis,M,Sweden,BMW,sbaltrushaitiscj@multiply.com
453,Zitella Ketts,F,Iran,Chevrolet,zkettsck@sfgate.com
454,Cameron Beniesh,F,Venezuela,Mitsubishi,cbenieshcl@wikipedia.org
455,Kacie Mellem,M,Russia,Chrysler,kmellemcm@tinypic.com
456,Carlynne MacKimmie,F,Greece,Chevrolet,cmackimmiecn@wikia.com
457,Leslie Leighfield,F,Thailand,Jeep,lleighfieldco@miibeian.gov.cn
458,Christoper Winslade,F,China,Jaguar,cwinsladecp@phpbb.com
459,Eada MacNeice,M,Moldova,Ford,emacneicecq@ocn.ne.jp
460,Lurlene Symcoxe,F,Honduras,Volkswagen,lsymcoxecr@patch.com
461,Linus Tynan,M,Sweden,Chevrolet,ltynancs@tripod.com
462,Katrine Happel,M,Indonesia,Mazda,khappelct@facebook.com
463,Chance Goldthorp,M,Ukraine,Mazda,cgoldthorpcu@hugedomains.com
464,Salvador Sedger,M,Poland,Ford,ssedgercv@freewebs.com
465,Robinia Burborough,F,Indonesia,Jeep,rburboroughcw@squarespace.com
466,Joshua Stanaway,M,China,Ford,jstanawaycx@nsw.gov.au
467,Cammi Forri,M,Brazil,Lotus,cforricy@friendfeed.com
468,Vivie Strognell,F,Russia,Chevrolet,vstrognellcz@cbsnews.com
469,Cassie Bisley,M,Lithuania,Buick,cbisleyd0@csmonitor.com
470,Nollie Bridel,F,Thailand,Infiniti,nbrideld1@behance.net
471,Terese Heyns,F,Brazil,Mercedes-Benz,theynsd2@mac.com
472,Lesley Durgan,M,China,Pontiac,ldurgand3@nytimes.com
473,Thatch Jaggers,F,Colombia,Mazda,tjaggersd4@domainmarket.com
474,Pacorro Saundercock,M,Sri Lanka,Kia,psaundercockd5@disqus.com
475,Kanya Jaouen,F,Philippines,Subaru,kjaouend6@fotki.com
476,Laurence Poli,F,Canada,Buick,lpolid7@blog.com
477,Sarina Beal,F,Hungary,Chrysler,sbeald8@soup.io
478,Lonnie Seamark,F,Aland Islands,Nissan,lseamarkd9@npr.org
479,Gregor Nare,M,France,Pontiac,gnareda@reference.com
480,Desmund Riches,M,Portugal,Lincoln,drichesdb@europa.eu
481,Rafaellle Crosscombe,M,China,Honda,rcrosscombedc@vistaprint.com
482,Christoper Klaves,M,Poland,Lincoln,cklavesdd@tripod.com
483,Reggis Woolsey,F,Mali,Land Rover,rwoolseyde@myspace.com
484,Lew Aiken,M,Indonesia,Geo,laikendf@google.com.hk
485,Darby Castlake,M,China,BMW,dcastlakedg@sakura.ne.jp
486,Dulcea Curzey,F,China,Cadillac,dcurzeydh@comsenz.com
487,Bertina Colthard,F,Ethiopia,Isuzu,bcoltharddi@deviantart.com
488,Drake Dacombe,F,Lithuania,Toyota,ddacombedj@amazon.com
489,Gene Leahey,M,China,Ford,gleaheydk@baidu.com
490,Addia Vuitton,M,China,Audi,avuittondl@cargocollective.com
491,Tanya Davidzon,M,United States,Suzuki,tdavidzondm@ted.com
492,Meghann Hatchett,M,Russia,Mazda,mhatchettdn@artisteer.com
493,Kelby Kilgrew,M,Indonesia,Suzuki,kkilgrewdo@epa.gov
494,Laurella Smowton,F,Brazil,Buick,lsmowtondp@nba.com
495,Ted Harsnipe,F,China,Mercedes-Benz,tharsnipedq@cargocollective.com
496,Tammi Cosyns,M,Indonesia,Toyota,tcosynsdr@1und1.de
497,Mildred Ingham,F,Moldova,Ford,minghamds@hubpages.com
498,Laurette Beak,F,Indonesia,Acura,lbeakdt@salon.com
499,Barb Elms,F,Russia,Ford,belmsdu@naver.com
500,Steffie Remer,F,China,Hyundai,sremerdv@google.ca
501,Lilah Hasnney,M,China,Suzuki,lhasnneydw@lycos.com
502,Boy Wippermann,M,Japan,Volvo,bwippermanndx@ucla.edu
503,Barri Stancliffe,F,Canada,Buick,bstancliffedy@furl.net
504,Elysia Tolomelli,F,Indonesia,Mercedes-Benz,etolomellidz@blinklist.com
505,Leese Fairholm,M,France,Chevrolet,lfairholme0@cmu.edu
506,Alard Horsefield,M,Brazil,Mitsubishi,ahorsefielde1@plala.or.jp
507,Beale Willoway,M,France,GMC,bwillowaye2@mac.com
508,Gabbie Hatt,M,Portugal,Ford,ghatte3@businessweek.com
509,Fulton Feeham,F,South Korea,Oldsmobile,ffeehame4@comcast.net
510,Harrie Huffer,F,Kosovo,GMC,hhuffere5@google.nl
511,Ignatius McGlaughn,F,Canada,Maserati,imcglaughne6@cornell.edu
512,Carina McDougle,M,Russia,Dodge,cmcdouglee7@exblog.jp
513,Kathlin Brik,M,,,
514,Fields Urlin,F,Brazil,Isuzu,furline9@a8.net
515,Lin Goalby,M,Portugal,Audi,lgoalbyea@ow.ly
516,Holly Pozzi,M,,,
517,Levon Fourmy,F,United Kingdom,Mercedes-Benz,lfourmyec@hibu.com
518,Irwin Foxley,M,Belarus,Lexus,ifoxleyed@auda.org.au
519,Rocky Playfoot,F,Indonesia,Dodge,rplayfootee@cam.ac.uk
520,Myles Chittem,M,Russia,Nissan,mchittemef@cam.ac.uk
521,Egan Mackrell,F,Thailand,Land Rover,emackrelleg@unesco.org
522,Lelah Burness,F,China,MINI,lburnesseh@dot.gov
523,Anissa Westmoreland,M,China,Ford,awestmorelandei@paginegialle.it
524,Madelon Persicke,M,Iran,Toyota,mpersickeej@buzzfeed.com
525,Basilius Poznan,F,Canada,Ford,bpoznanek@sfgate.com
526,Kirsti Dessent,F,Japan,Lincoln,kdessentel@mediafire.com
527,Barclay Cheek,F,Indonesia,GMC,bcheekem@sciencedaily.com
528,Cash Glastonbury,M,Argentina,Suzuki,cglastonburyen@amazon.com
529,Niccolo Seabridge,F,Panama,Volvo,nseabridgeeo@issuu.com
530,Ingunna Rattery,F,China,Honda,iratteryep@google.co.jp
531,Willy McGurgan,F,Brazil,Cadillac,wmcgurganeq@reference.com
532,Cordy Strugnell,M,China,Honda,cstrugneller@purevolume.com
533,Casar Coper,F,Canada,Suzuki,ccoperes@yellowbook.com
534,Ellswerth Balshaw,F,China,Chevrolet,ebalshawet@histats.com
535,Estelle Habbon,F,Ireland,Toyota,ehabboneu@bloglines.com
536,Reilly Laying,F,Philippines,Subaru,rlayingev@ed.gov
537,Yoko Arnaudet,F,Philippines,Mitsubishi,yarnaudetew@thetimes.co.uk
538,Barnebas Gunthorpe,M,France,Land Rover,bgunthorpeex@surveymonkey.com
539,Ollie Attenbarrow,M,Poland,Suzuki,oattenbarrowey@paypal.com
540,Almeria Fullylove,M,China,Toyota,afullyloveez@shareasale.com
541,Meggy Junkinson,M,Sweden,Nissan,mjunkinsonf0@odnoklassniki.ru
542,Dario MacKowle,M,Indonesia,Audi,dmackowlef1@tiny.cc
543,Allan Bootherstone,F,Bosnia and Herzegovina,BMW,abootherstonef2@washington.edu
544,Lorry Cringle,F,Philippines,Acura,lcringlef3@infoseek.co.jp
545,Rey Scrancher,M,Indonesia,Mazda,rscrancherf4@rakuten.co.jp
546,Claribel Cluitt,F,Slovakia,Mitsubishi,ccluittf5@webeden.co.uk
547,Faun MacLucais,M,Czech Republic,Ford,fmaclucaisf6@eepurl.com
548,Amery Cummine,M,Indonesia,Cadillac,acumminef7@simplemachines.org
549,Devlin Macon,F,Malaysia,Volkswagen,dmaconf8@4shared.com
550,Anjanette Redborn,M,Peru,Ford,aredbornf9@ftc.gov
551,Ford Suff,M,Greece,Audi,fsufffa@wikipedia.org
552,Lauri Killough,F,China,Pontiac,lkilloughfb@taobao.com
553,Gardy Ivamy,F,Japan,Cadillac,givamyfc@mlb.com
554,Annmaria Machent,M,Japan,Hyundai,amachentfd@army.mil
555,Pamela Wynn,M,Brazil,Chrysler,pwynnfe@seesaa.net
556,Lanna Cardenas,M,Sweden,Dodge,lcardenasff@privacy.gov.au
557,Zedekiah Arnaldo,F,Pakistan,Audi,zarnaldofg@webeden.co.uk
558,Amalita Ellershaw,F,Cape Verde,Audi,aellershawfh@tinypic.com
559,Stephenie Hacaud,M,Mexico,Honda,shacaudfi@webmd.com
560,Salli Bilverstone,M,Poland,Volkswagen,sbilverstonefj@xinhuanet.com
561,Calypso Kenryd,M,China,Maserati,ckenrydfk@goodreads.com
562,Freddi Vann,M,Russia,Ford,fvannfl@ning.com
563,Stephan Maggi,F,Russia,Lexus,smaggifm@t-online.de
564,Eugene Kimblin,M,Peru,Bentley,ekimblinfn@homestead.com
565,Tanney Oxton,M,Japan,Dodge,toxtonfo@sun.com
566,Shamus Kenealy,F,Japan,Volkswagen,skenealyfp@furl.net
567,Gregorius Passingham,M,Portugal,Pontiac,gpassinghamfq@irs.gov
568,Rudolfo Toope,F,Russia,Mitsubishi,rtoopefr@blogtalkradio.com
569,Veronike Morshead,F,Philippines,Saturn,vmorsheadfs@wikipedia.org
570,Egon Northidge,M,Poland,Hyundai,enorthidgeft@skype.com
571,Thomasina Yann,M,Czech Republic,GMC,tyannfu@ustream.tv
572,Ivory Ricoald,M,China,Pontiac,iricoaldfv@cbc.ca
573,Clotilda Seabrooke,M,China,Nissan,cseabrookefw@liveinternet.ru
574,Alena Smorfit,M,Bulgaria,Pontiac,asmorfitfx@webeden.co.uk
575,Demetra Woolham,F,Colombia,Bentley,dwoolhamfy@meetup.com
576,Ashlen Accombe,M,China,Chevrolet,aaccombefz@thetimes.co.uk
577,Shanon Lidgett,F,China,Suzuki,slidgettg0@ucoz.ru
578,Haskell Scullard,F,Russia,Mitsubishi,hscullardg1@nyu.edu
579,Eugine Bare,M,Hungary,Oldsmobile,ebareg2@kickstarter.com
580,Lilly Nardi,F,Niger,Toyota,lnardig3@wunderground.com
581,Turner Bizley,M,Philippines,Mazda,tbizleyg4@surveymonkey.com
582,Drusilla MacGillivrie,M,China,Mitsubishi,dmacgillivrieg5@artisteer.com
583,Galvan Onyon,M,China,Jeep,gonyong6@trellian.com
584,Evie Baitson,F,Chile,Toyota,ebaitsong7@geocities.com
585,Stanford Congreave,M,Montenegro,Mercedes-Benz,scongreaveg8@privacy.gov.au
586,Brandi McConnal,F,Peru,Infiniti,bmcconnalg9@google.de
587,Alexander Gritsunov,F,Gabon,Honda,agritsunovga@privacy.gov.au
588,Shayne O'Howbane,F,China,Ford,sohowbanegb@examiner.com
589,Othella Kingswold,M,Myanmar,Kia,okingswoldgc@engadget.com
590,Nadeen Bedburrow,F,Indonesia,Ford,nbedburrowgd@blogs.com
591,Tom Balcon,M,Malta,Volkswagen,tbalconge@deviantart.com
592,Charla Billington,F,Poland,Mercury,cbillingtongf@wikimedia.org
593,Logan Ghost,F,China,Geo,lghostgg@mapquest.com
594,Rance Bauer,F,Greece,Volvo,rbauergh@issuu.com
595,Marguerite Bricham,F,Poland,Dodge,mbrichamgi@ow.ly
596,Bogart Demonge,F,Thailand,Nissan,bdemongegj@who.int
597,Feliza MacLucais,F,China,Audi,fmaclucaisgk@wix.com
598,Ibby De Blase,M,Morocco,Kia,idegl@dot.gov
599,Naoma Librey,F,Philippines,Volvo,nlibreygm@opensource.org
600,Chandler Buxcy,F,Czech Republic,Chevrolet,cbuxcygn@joomla.org
601,Redd Heber,F,Chad,Nissan,rhebergo@ucla.edu
602,Godfree Farlambe,M,Russia,Mitsubishi,gfarlambegp@dailymail.co.uk
603,Felike Rolf,M,Czech Republic,Chevrolet,frolfgq@nasa.gov
604,Gregory Gaynor,F,China,Chevrolet,ggaynorgr@google.pl
605,Fran Aindriu,F,China,Lincoln,faindriugs@etsy.com
606,Harry Densham,M,Iran,Lamborghini,hdenshamgt@shutterfly.com
607,Marigold Minto,M,Kazakhstan,Nissan,mmintogu@cocolog-nifty.com
608,Bonny Eloi,M,China,Volkswagen,beloigv@yelp.com
609,Mel Brice,M,Portugal,Suzuki,mbricegw@samsung.com
610,Ardyth Nan Carrow,M,China,Dodge,anangx@zimbio.com
611,Jesselyn Govey,F,Azerbaijan,Land Rover,jgoveygy@forbes.com
612,Joyce Saltmarshe,M,Slovenia,Suzuki,jsaltmarshegz@si.edu
613,Edee Calverd,M,China,Dodge,ecalverdh0@about.me
614,Constantia Lies,M,Japan,Volkswagen,cliesh1@cbsnews.com
615,Josepha Elleton,F,Czech Republic,Lexus,jelletonh2@webnode.com
616,Bidget Mulford,M,Netherlands,Dodge,bmulfordh3@indiegogo.com
617,Catha Flannery,F,Czech Republic,Mazda,cflanneryh4@ow.ly
618,Ulrike Thoma,M,Azerbaijan,Ford,uthomah5@nydailynews.com
619,Dallas Cowthard,F,Indonesia,BMW,dcowthardh6@webs.com
620,Ainslee Flannigan,F,China,Infiniti,aflanniganh7@virginia.edu
621,Derrik Kellar,F,Kazakhstan,Porsche,dkellarh8@furl.net
622,Alverta Plevin,M,China,Aston Martin,aplevinh9@state.tx.us
623,Hale Bazely,M,China,Chevrolet,hbazelyha@columbia.edu
624,Kathrine Sizland,F,Poland,Mazda,ksizlandhb@apple.com
625,Ali Cowcha,F,Sierra Leone,Jeep,acowchahc@sohu.com
626,Erina Yukhtin,F,Bosnia and Herzegovina,Chrysler,eyukhtinhd@chron.com
627,Kalie O' Mahony,F,United States,MINI,kohe@house.gov
628,Esma Douglas,M,Russia,Morgan,edouglashf@ucsd.edu
629,Manny Kunert,F,China,Oldsmobile,mkunerthg@fda.gov
630,Patrice Gwin,M,Russia,Mazda,pgwinhh@instagram.com
631,Damita Cawood,M,Russia,Ford,dcawoodhi@nih.gov
632,Silas Coast,M,Indonesia,Mazda,scoasthj@sun.com
633,Darsie Grcic,M,Russia,Ford,dgrcichk@theatlantic.com
634,Catherina Joannidi,F,China,Saab,cjoannidihl@ucoz.com
635,Nealson Schuricke,M,Slovenia,Volkswagen,nschurickehm@technorati.com
636,Jeannette Hanne,M,Portugal,Ford,jhannehn@un.org
637,Roseann Arnull,F,Vietnam,Volkswagen,rarnullho@omniture.com
638,Roselin Wrightam,M,China,Lincoln,rwrightamhp@cornell.edu
639,Iver Carlisle,F,Macedonia,Toyota,icarlislehq@tuttocitta.it
640,Prince Esche,M,Vietnam,Hyundai,peschehr@booking.com
641,Judy Balser,M,Ireland,Mitsubishi,jbalserhs@hc360.com
642,Erik Aveline,M,China,Ford,eavelineht@prweb.com
643,Ree Masdin,M,Russia,BMW,rmasdinhu@skyrock.com
644,Darren Rymill,M,Kazakhstan,Mitsubishi,drymillhv@gravatar.com
645,Englebert Taile,M,China,Plymouth,etailehw@ebay.co.uk
646,Alvie Addington,M,Portugal,Mercury,aaddingtonhx@yandex.ru
647,Nicol Raithbie,M,United States,Subaru,nraithbiehy@seattletimes.com
648,Isiahi Willbourne,M,China,Lotus,iwillbournehz@360.cn
649,Eveline Fairlamb,F,,,
650,Grata Bateman,M,China,Lamborghini,gbatemani1@dedecms.com
651,Karyn Gozard,F,China,Ford,kgozardi2@nasa.gov
652,Luella Ell,F,Guatemala,Volkswagen,lelli3@technorati.com
653,Sandi Stiegers,F,Russia,Chevrolet,sstiegersi4@ifeng.com
654,Cordie Connow,F,Peru,Dodge,cconnowi5@eventbrite.com
655,Odell Gegay,M,Slovenia,Nissan,ogegayi6@usda.gov
656,Verile Stabler,M,Portugal,Honda,vstableri7@cisco.com
657,Doralin Topping,F,Netherlands,Dodge,dtoppingi8@diigo.com
658,Quincey Cockitt,F,Indonesia,Buick,qcockitti9@networksolutions.com
659,Darrick Bonicelli,F,Spain,Nissan,dbonicelliia@plala.or.jp
660,Lina Smees,F,Mongolia,Nissan,lsmeesib@cbsnews.com
661,Lockwood Eberlein,M,Peru,Subaru,leberleinic@sphinn.com
662,Cletis Fransman,M,Indonesia,Toyota,cfransmanid@npr.org
663,Laurens Slate,F,Japan,Dodge,lslateie@printfriendly.com
664,Teresa Alans,M,Afghanistan,GMC,talansif@ning.com
665,Lorrayne Bortolussi,F,Czech Republic,Mercury,lbortolussiig@google.ru
666,Germain Trathan,F,Indonesia,Chevrolet,gtrathanih@phoca.cz
667,Sybyl Fotitt,F,Serbia,Chevrolet,sfotittii@ca.gov
668,Shea Burry,M,Poland,Audi,sburryij@addthis.com
669,Selie Worshall,M,Nicaragua,Porsche,sworshallik@opensource.org
670,Archaimbaud Weld,F,Indonesia,Ford,aweldil@dmoz.org
671,Lilly Rolingson,F,Mongolia,Volkswagen,lrolingsonim@arstechnica.com
672,Ede McWhirter,F,Nigeria,Mazda,emcwhirterin@aboutads.info
673,Gretta Satchell,M,China,Suzuki,gsatchellio@desdev.cn
674,Benedick Cadreman,F,Afghanistan,BMW,bcadremanip@yelp.com
675,Keith Haselhurst,F,Indonesia,Jeep,khaselhurstiq@slashdot.org
676,Scotty Bruniges,F,Philippines,Volvo,sbrunigesir@zdnet.com
677,Carie Lenormand,F,Indonesia,Dodge,clenormandis@cdbaby.com
678,Robbie Pechet,M,China,Mercedes-Benz,rpechetit@answers.com
679,Pearl Davet,M,Poland,Chevrolet,pdavetiu@ed.gov
680,Kit Croxford,F,Czech Republic,GMC,kcroxfordiv@ehow.com
681,Dallas Comben,F,Russia,Nissan,dcombeniw@wordpress.org
682,Starla Hellens,F,Indonesia,Jaguar,shellensix@imgur.com
683,Emmi Kleinber,M,Gambia,Chrysler,ekleinberiy@cbslocal.com
684,Jojo Sipson,F,Brazil,Infiniti,jsipsoniz@cdc.gov
685,Constancia Meers,M,Honduras,Lexus,cmeersj0@constantcontact.com
686,Brandice Von Helmholtz,F,Indonesia,Pontiac,bvonj1@wunderground.com
687,Udell Bluschke,F,Germany,Chevrolet,ubluschkej2@unc.edu
688,Carlen Livett,F,Chile,Maybach,clivettj3@photobucket.com
689,Brittany Chang,F,Philippines,Eagle,bchangj4@people.com.cn
690,Robinett Wooffitt,F,Norway,BMW,rwooffittj5@yellowbook.com
691,Aleksandr Dennison,F,China,Oldsmobile,adennisonj6@nytimes.com
692,Irena Divina,M,Vietnam,Subaru,idivinaj7@ehow.com
693,Ursala Carney,M,Dominican Republic,Mercury,ucarneyj8@homestead.com
694,Delbert Pinkstone,F,Sweden,Lamborghini,dpinkstonej9@unblog.fr
695,Barbe Balassa,F,Honduras,Cadillac,bbalassaja@salon.com
696,Yard O'Cannan,F,United States,Buick,yocannanjb@constantcontact.com
697,Kelsi Haycraft,F,Iran,GMC,khaycraftjc@npr.org
698,Alistair Phorsby,M,China,Oldsmobile,aphorsbyjd@princeton.edu
699,Arlana Vedenyakin,M,Slovenia,Mitsubishi,avedenyakinje@cnn.com
700,Chandal Ogborn,M,China,Chevrolet,cogbornjf@shutterfly.com
701,Jayme Kellert,M,Sweden,Audi,jkellertjg@linkedin.com
702,Juliet Fulmen,F,China,GMC,jfulmenjh@booking.com
703,Kelby West,F,Indonesia,Audi,kwestji@disqus.com
704,Bart Wressell,M,Thailand,Ford,bwresselljj@cbc.ca
705,Grenville Tytterton,F,China,GMC,gtyttertonjk@abc.net.au
706,Penrod Ilyin,M,China,Suzuki,pilyinjl@ning.com
707,Lira Sycamore,M,France,Pontiac,lsycamorejm@dot.gov
708,Neda Bilson,M,,,
709,Brigham Gerrets,F,,,
710,Freddy Rutty,M,China,Buick,fruttyjp@redcross.org
711,Thoma Pidgeley,F,Brazil,Cadillac,tpidgeleyjq@wordpress.com
712,Kata Lesurf,F,Indonesia,Mitsubishi,klesurfjr@amazonaws.com
713,Tillie Toffanini,F,Colombia,Mitsubishi,ttoffaninijs@trellian.com
714,Verine Friese,M,Marshall Islands,GMC,vfriesejt@yelp.com
715,Myles O' Hogan,M,Thailand,Mercedes-Benz,moju@aol.com
716,Matthew Mioni,M,Tunisia,Jaguar,mmionijv@t.co
717,Annissa Pyett,M,China,Chevrolet,apyettjw@linkedin.com
718,Susy Pumphrey,F,Mexico,Ford,spumphreyjx@ca.gov
719,Joelle Bollin,M,Indonesia,Buick,jbollinjy@instagram.com
720,Brendon Radford,F,Sweden,Ford,bradfordjz@samsung.com
721,Lyman Rames,M,Cape Verde,Hyundai,lramesk0@webmd.com
722,Nigel Cranton,M,Russia,Mitsubishi,ncrantonk1@paypal.com
723,Consuela Quarrie,M,,,
724,Gianni Harbor,M,China,Pontiac,gharbork3@zdnet.com
725,Rebecka de Bullion,F,Portugal,Jaguar,rdek4@huffingtonpost.com
726,Abel Larn,M,Poland,Eagle,alarnk5@w3.org
727,Matthus Crone,F,Indonesia,Honda,mcronek6@yahoo.co.jp
728,Emalee Stollsteiner,M,Philippines,Mitsubishi,estollsteinerk7@123-reg.co.uk
729,Melanie Lemmers,M,Indonesia,Audi,mlemmersk8@forbes.com
730,Caprice Vasilenko,F,,,
731,Cesaro Jelphs,M,China,Buick,cjelphska@sfgate.com
732,Urbain Seint,F,,,
733,Modesty Wragge,F,Spain,Mercedes-Benz,mwraggekc@va.gov
734,Eustace Fideler,M,China,Ford,efidelerkd@bbc.co.uk
735,Kassandra Yablsley,F,Nigeria,Mercedes-Benz,kyablsleyke@clickbank.net
736,Alexis Pratte,F,Peru,Mitsubishi,aprattekf@baidu.com
737,Dare Edkins,F,Georgia,Mazda,dedkinskg@ucsd.edu
738,Bryn Inston,F,Russia,Dodge,binstonkh@mysql.com
739,Arni Bullen,F,Ukraine,Honda,abullenki@dailymail.co.uk
740,Chantal McCowen,F,Sweden,Honda,cmccowenkj@pcworld.com
741,Prudi Becaris,M,Ethiopia,Dodge,pbecariskk@friendfeed.com
742,Morry Wivell,F,United States,Toyota,mwivellkl@berkeley.edu
743,Zaccaria Duckhouse,M,,,
744,Abie D'Alessio,M,Greece,Mercedes-Benz,adalessiokn@squidoo.com
745,Eadie Burghall,M,Japan,Mitsubishi,eburghallko@pen.io
746,Ringo Tattershaw,F,Serbia,Jaguar,rtattershawkp@go.com
747,Sibel Sappson,F,Peru,Scion,ssappsonkq@upenn.edu
748,Thebault Whitter,F,China,Mercedes-Benz,twhitterkr@mail.ru
749,Duff Feeny,F,China,Fillmore,dfeenyks@amazon.co.jp
750,Carolyne Angliss,F,Portugal,Volvo,canglisskt@gov.uk
751,Kristina Corness,M,Palestinian Territory,Lexus,kcornessku@apple.com
752,Othelia Melato,M,Chile,Mercedes-Benz,omelatokv@cyberchimps.com
753,Sheena Seegar,F,China,Honda,sseegarkw@google.ru
754,Samuele Tabert,F,Germany,Mitsubishi,stabertkx@foxnews.com
755,Debra Saile,M,Canada,Pontiac,dsaileky@cargocollective.com
756,Aviva MacArte,F,Argentina,Ford,amacartekz@disqus.com
757,Miquela Riddoch,M,France,Ford,mriddochl0@pbs.org
758,Helaine Knowlys,F,,,
759,Livvie Mannock,F,France,Scion,lmannockl2@wired.com
760,Ada Gildersleeve,M,Indonesia,Dodge,agildersleevel3@soundcloud.com
761,Kynthia Goodisson,M,Vietnam,Mercedes-Benz,kgoodissonl4@marketwatch.com
762,Lindy Christophe,F,Indonesia,Porsche,lchristophel5@e-recht24.de
763,Brier Manilove,M,Philippines,Audi,bmanilovel6@altervista.org
764,Nanci Earle,F,France,BMW,nearlel7@flavors.me
765,Robenia Humbee,F,Russia,Buick,rhumbeel8@php.net
766,Cassie Safhill,M,Poland,Infiniti,csafhilll9@auda.org.au
767,Abbey Woodhouse,F,Portugal,Mercury,awoodhousela@stanford.edu
768,Carolan Hartgill,M,Brazil,Volkswagen,chartgilllb@ted.com
769,Lora Aylett,F,France,BMW,laylettlc@flavors.me
770,Daffy Lardez,F,Colombia,Chevrolet,dlardezld@businessinsider.com
771,Jules Dineges,M,Norway,Volkswagen,jdinegesle@ibm.com
772,Jakob Jahnig,M,Dominican Republic,Ford,jjahniglf@deviantart.com
773,Bess Passy,F,Portugal,Subaru,bpassylg@webeden.co.uk
774,Alejandra Bertouloume,M,United States,Mercury,abertouloumelh@ow.ly
775,Tobie Shipston,F,China,Cadillac,tshipstonli@cisco.com
776,Kissiah Baggaley,M,Egypt,Mazda,kbaggaleylj@eepurl.com
777,Andy Bellini,M,Mexico,Chevrolet,abellinilk@nyu.edu
778,Dodie Rowcastle,F,China,Ford,drowcastlell@desdev.cn
779,Cull Hannant,F,Pakistan,Lexus,channantlm@house.gov
780,Rafaello Brammar,M,Indonesia,Audi,rbrammarln@reddit.com
781,Gale Thibodeaux,M,,,
782,Talbot Forri,F,Egypt,Volkswagen,tforrilp@yellowpages.com
783,Celle Learmouth,M,Greece,Volvo,clearmouthlq@sohu.com
784,Latrina Rampton,F,Ukraine,Land Rover,lramptonlr@oracle.com
785,Stephan Eskriet,F,Russia,Mazda,seskrietls@wikia.com
786,Alfredo Cashmore,F,Colombia,Acura,acashmorelt@time.com
787,Nancie Pagan,F,China,BMW,npaganlu@sbwire.com
788,Caron Niaves,F,Latvia,GMC,cniaveslv@163.com
789,Sterling Arnaudet,F,Nigeria,Chevrolet,sarnaudetlw@google.com.hk
790,Damara Artois,F,Poland,Nissan,dartoislx@disqus.com
791,Faulkner Dibble,F,China,Acura,fdibblely@yellowpages.com
792,Gibb Lumb,F,China,Honda,glumblz@cbslocal.com
793,Mathias Yter,F,France,Toyota,myterm0@imageshack.us
794,Sharron Northwood,M,Russia,Volvo,snorthwoodm1@zdnet.com
795,Camile Isakson,F,Indonesia,Ford,cisaksonm2@sciencedaily.com
796,Pall Boldero,F,Pakistan,Kia,pbolderom3@unblog.fr
797,Iorgo Mathias,M,Bosnia and Herzegovina,Jaguar,imathiasm4@networkadvertising.org
798,Mathe Bischoff,M,China,Saab,mbischoffm5@nba.com
799,Annmaria Olliffe,F,Indonesia,Ford,aolliffem6@google.ca
800,Ezequiel Gaitone,M,Sweden,Acura,egaitonem7@networkadvertising.org
801,Penrod Ipwell,F,Indonesia,Nissan,pipwellm8@flavors.me
802,Sergent Swett,F,United States,Toyota,sswettm9@nps.gov
803,Brion Bernardos,M,Haiti,Audi,bbernardosma@wikipedia.org
804,Dniren Ashplant,F,China,Toyota,dashplantmb@state.tx.us
805,Rudolf MacConnulty,M,China,Ford,rmacconnultymc@vkontakte.ru
806,Batholomew Eastham,M,China,Chrysler,beasthammd@google.nl
807,Nev Nottingham,M,Peru,Maserati,nnottinghamme@google.cn
808,Barbabra Linsley,F,China,Isuzu,blinsleymf@t.co
809,Chane Hooks,M,Philippines,Chrysler,chooksmg@engadget.com
810,Melicent Milton-White,F,Burkina Faso,Dodge,mmiltonwhitemh@bizjournals.com
811,Sindee Wathell,M,China,Mitsubishi,swathellmi@wordpress.com
812,Sheridan Eastcott,M,Indonesia,Dodge,seastcottmj@macromedia.com
813,Valma Marmion,M,Russia,GMC,vmarmionmk@youtu.be
814,Fanechka Simeons,M,Russia,Pontiac,fsimeonsml@hibu.com
815,Victoir Bridson,F,China,Saturn,vbridsonmm@cbsnews.com
816,Ariel Gierth,M,China,Mitsubishi,agierthmn@intel.com
817,Jean Nisbet,F,China,Mitsubishi,jnisbetmo@engadget.com
818,Allison Barnwill,F,China,BMW,abarnwillmp@e-recht24.de
819,Tanner Froude,M,Peru,Toyota,tfroudemq@tripod.com
820,Kelsey Kissell,F,Paraguay,Buick,kkissellmr@blogtalkradio.com
821,Ryun Ivons,F,Russia,Lotus,rivonsms@nps.gov
822,Sheri Nutman,F,Portugal,Cadillac,snutmanmt@shinystat.com
823,Dosi Blackledge,M,Iraq,Mercedes-Benz,dblackledgemu@histats.com
824,Florance Schrieves,F,Sweden,Mitsubishi,fschrievesmv@intel.com
825,Lenna Mitro,F,Russia,Chevrolet,lmitromw@who.int
826,Wyatt Bellefonte,M,Indonesia,Lotus,wbellefontemx@mapy.cz
827,Dora Stonard,M,Peru,Dodge,dstonardmy@purevolume.com
828,Karim Hyslop,F,Russia,Honda,khyslopmz@yellowpages.com
829,Robbi Sands-Allan,F,United States,Mercedes-Benz,rsandsallann0@godaddy.com
830,Vin Hudleston,F,China,Ford,vhudlestonn1@freewebs.com
831,Frederick Chadwen,F,Venezuela,GMC,fchadwenn2@dion.ne.jp
832,Enrichetta Eykel,F,Ireland,Ford,eeykeln3@salon.com
833,Francisca Alfuso,F,China,Buick,falfuson4@gnu.org
834,Eadith Lingard,M,Philippines,Chevrolet,elingardn5@smugmug.com
835,Ruby Margery,M,China,Toyota,rmargeryn6@w3.org
836,Madelon Trattles,F,China,Nissan,mtrattlesn7@apache.org
837,Perri Godier,F,Poland,Lexus,pgodiern8@technorati.com
838,Aigneis Gartin,F,Poland,Pontiac,agartinn9@homestead.com
839,Cully Karlqvist,M,Afghanistan,Dodge,ckarlqvistna@omniture.com
840,Darell Walcher,M,China,Subaru,dwalchernb@hc360.com
841,Beulah Ector,F,China,Mitsubishi,bectornc@google.fr
842,Estell Gery,M,China,Jeep,egerynd@java.com
843,Hedwiga Leisk,F,Peru,GMC,hleiskne@rediff.com
844,Shayla Livermore,M,Spain,Toyota,slivermorenf@yelp.com
845,De witt Millar,M,China,Smart,dwittng@aol.com
846,Dene Annion,M,China,Suzuki,dannionnh@usgs.gov
847,Haven Brik,F,China,Chevrolet,hbrikni@noaa.gov
848,Alaster Ganders,M,Philippines,Mercedes-Benz,agandersnj@census.gov
849,Sashenka Barnewille,M,Portugal,Lotus,sbarnewillenk@netlog.com
850,Taite Inkpin,F,China,Mercury,tinkpinnl@blogspot.com
851,Elisha Allmen,M,Russia,Hyundai,eallmennm@blog.com
852,Mara Lightewood,M,Colombia,Chevrolet,mlightewoodnn@jugem.jp
853,Lianna Scholcroft,F,Kenya,Suzuki,lscholcroftno@dedecms.com
854,Lida Butterfint,M,China,Toyota,lbutterfintnp@lycos.com
855,Rosalind Eckery,F,China,Hyundai,reckerynq@usda.gov
856,Eugen Paulin,M,Czech Republic,Honda,epaulinnr@goo.ne.jp
857,Jessalin Alexis,F,Poland,Toyota,jalexisns@goo.gl
858,Dasi Walasik,M,China,GMC,dwalasiknt@tiny.cc
859,Denice MacKnockiter,F,Latvia,Lexus,dmacknockiternu@howstuffworks.com
860,Gavan Tomadoni,F,Canada,Dodge,gtomadoninv@amazonaws.com
861,Silvano Tyers,F,Canada,Ford,styersnw@umn.edu
862,Stevena McNaught,M,Russia,Dodge,smcnaughtnx@geocities.jp
863,Gaven Boothroyd,M,Mexico,Chevrolet,gboothroydny@cornell.edu
864,Jermaine Macauley,M,Belarus,Nissan,jmacauleynz@theguardian.com
865,Gustavus Dury,M,United States,GMC,gduryo0@nydailynews.com
866,Judi Alcott,M,Portugal,BMW,jalcotto1@simplemachines.org
867,Robert Marcum,F,Portugal,Buick,rmarcumo2@miibeian.gov.cn
868,Kariotta Volkers,F,China,Nissan,kvolkerso3@privacy.gov.au
869,Cindra Bridle,M,China,Toyota,cbridleo4@indiatimes.com
870,Barris Mahy,F,China,Mazda,bmahyo5@bravesites.com
871,Edith MacKissack,M,Sri Lanka,Chevrolet,emackissacko6@boston.com
872,Bliss Ruler,F,Japan,Mercury,brulero7@patch.com
873,Candie Jenking,M,Cuba,Chevrolet,cjenkingo8@sbwire.com
874,Sandy Divall,M,Faroe Islands,Mitsubishi,sdivallo9@hubpages.com
875,Faydra Groundwater,F,Sweden,Lexus,fgroundwateroa@disqus.com
876,Luis Thebes,M,Ivory Coast,Suzuki,lthebesob@europa.eu
877,Marion Fowlie,F,United States,Hyundai,mfowlieoc@timesonline.co.uk
878,Karel Lambregts,F,Indonesia,Bentley,klambregtsod@dell.com
879,Noami Spyer,M,Portugal,Bentley,nspyeroe@yahoo.co.jp
880,Stinky Blais,F,Sweden,Buick,sblaisof@ucla.edu
881,Yank Gatman,M,China,Jaguar,ygatmanog@csmonitor.com
882,Wyndham Pirson,M,Indonesia,Chevrolet,wpirsonoh@cam.ac.uk
883,Colver Grinsted,F,Poland,Lamborghini,cgrinstedoi@apache.org
884,Bettye Cowlam,F,Indonesia,Chevrolet,bcowlamoj@usa.gov
885,Bastien Tallant,F,China,Chevrolet,btallantok@blogtalkradio.com
886,Arabela Chadd,F,Cameroon,Volkswagen,achaddol@printfriendly.com
887,Paddy Norris,F,,,
888,Dahlia Derks,M,Greece,Mitsubishi,dderkson@si.edu
889,Ardeen Stivers,F,Mexico,Volvo,astiversoo@smh.com.au
890,Sayre Yalden,M,Dominican Republic,Chevrolet,syaldenop@nhs.uk
891,Roy Todman,M,China,Saab,rtodmanoq@stumbleupon.com
892,Hanna Frances,F,Russia,Ford,hfrancesor@icq.com
893,Javier Kellen,F,China,Isuzu,jkellenos@networkadvertising.org
894,Joleen Curston,F,Thailand,Porsche,jcurstonot@blogs.com
895,Emlyn Malsher,F,China,Nissan,emalsherou@elegantthemes.com
896,Sheppard Beveredge,M,Armenia,GMC,sbeveredgeov@macromedia.com
897,Kerwinn Legier,F,Russia,BMW,klegierow@tiny.cc
898,Devina Bunyan,F,Indonesia,Ford,dbunyanox@artisteer.com
899,Amye Scupham,F,Indonesia,Isuzu,ascuphamoy@istockphoto.com
900,Milo Carder,F,Czech Republic,Ford,mcarderoz@google.cn
901,Lusa Swadling,F,Vietnam,Mitsubishi,lswadlingp0@auda.org.au
902,Lynde Rosso,F,Czech Republic,Volkswagen,lrossop1@walmart.com
903,Bertie Stopps,F,China,Chevrolet,bstoppsp2@drupal.org
904,Danit Saurin,M,Peru,Oldsmobile,dsaurinp3@marketwatch.com
905,Kincaid Sture,F,Serbia,Toyota,ksturep4@dion.ne.jp
906,Reine Grishin,M,China,GMC,rgrishinp5@spiegel.de
907,Farley Ashbridge,F,China,Lotus,fashbridgep6@springer.com
908,Beale Dougal,F,Egypt,Mercedes-Benz,bdougalp7@cloudflare.com
909,Shaylynn Humber,F,China,Toyota,shumberp8@ebay.com
910,Bettine Doge,F,China,Buick,bdogep9@toplist.cz
911,De Dumbrall,F,Ukraine,Ford,ddumbrallpa@trellian.com
912,Bertina Balle,F,China,Mazda,bballepb@amazon.com
913,Cherin Verty,F,North Korea,Bentley,cvertypc@exblog.jp
914,Nona Castledine,M,China,Ford,ncastledinepd@wikimedia.org
915,Andris Dedon,M,China,Chevrolet,adedonpe@sitemeter.com
916,Zola Rayhill,F,Ireland,Volvo,zrayhillpf@surveymonkey.com
917,Freddy Kerner,F,Netherlands,Audi,fkernerpg@sourceforge.net
918,Persis Cayle,F,Kazakhstan,Isuzu,pcayleph@irs.gov
919,Shelli Hartshorn,F,Maldives,Ford,shartshornpi@loc.gov
920,Bridgette Kleinsinger,M,Myanmar,Toyota,bkleinsingerpj@disqus.com
921,Marianna Pyper,F,Democratic Republic of the Congo,Buick,mpyperpk@bloglines.com
922,Elana Van Zon,F,Indonesia,Dodge,evanpl@wufoo.com
923,Ingar Woodson,F,Japan,Subaru,iwoodsonpm@foxnews.com
924,Saw Braysher,M,China,Chrysler,sbraysherpn@simplemachines.org
925,Cullan Friese,F,Indonesia,Honda,cfriesepo@fc2.com
926,Benjie Crook,F,Philippines,Saturn,bcrookpp@buzzfeed.com
927,Esma Boanas,M,Peru,Volvo,eboanaspq@un.org
928,Winny Walkington,M,Gambia,Infiniti,wwalkingtonpr@guardian.co.uk
929,Lavinia Kertess,F,Portugal,Mitsubishi,lkertessps@goo.ne.jp
930,Wade Tinkler,M,Colombia,Chevrolet,wtinklerpt@usa.gov
931,Nathaniel Wasielewski,M,Indonesia,Volkswagen,nwasielewskipu@google.cn
932,Ricky McCulloch,F,Indonesia,Audi,rmccullochpv@networkadvertising.org
933,Elmer Wyse,M,China,GMC,ewysepw@uiuc.edu
934,Corrine Kittoe,F,Indonesia,GMC,ckittoepx@salon.com
935,Baillie Payne,F,Mexico,Dodge,bpaynepy@nih.gov
936,Zsazsa Aberkirdo,M,Brazil,Toyota,zaberkirdopz@washington.edu
937,Noelle Ogus,F,China,Lamborghini,nogusq0@businesswire.com
938,Savina MacAllester,M,Portugal,Porsche,smacallesterq1@si.edu
939,Tybalt Kitchinham,F,Colombia,Mazda,tkitchinhamq2@msn.com
940,Diannne Colquhoun,F,Greece,Chevrolet,dcolquhounq3@xinhuanet.com
941,Esther Gaine,M,France,Lincoln,egaineq4@1688.com
942,Blancha Muzzillo,M,Central African Republic,Volvo,bmuzzilloq5@ox.ac.uk
943,Bronnie Toner,F,Croatia,Lexus,btonerq6@auda.org.au
944,Marthena Rawsthorne,M,Indonesia,Mazda,mrawsthorneq7@usa.gov
945,Bibbie Ferron,M,Indonesia,GMC,bferronq8@t-online.de
946,Kissiah Quarmby,M,Ukraine,Pontiac,kquarmbyq9@google.co.uk
947,Joane Hebbron,M,Poland,Ford,jhebbronqa@seesaa.net
948,Gareth Baldery,F,China,Kia,gbalderyqb@theatlantic.com
949,Woody Lyddy,M,Indonesia,Buick,wlyddyqc@smugmug.com
950,Lou Eckersley,M,Russia,Volvo,leckersleyqd@icio.us
951,Ashely Kobiera,F,China,BMW,akobieraqe@redcross.org
952,Jamie Rosetti,F,Colombia,Dodge,jrosettiqf@nih.gov
953,Giffard Yapp,M,Somalia,Mazda,gyappqg@vkontakte.ru
954,Cello Joust,F,Philippines,Ford,cjoustqh@usatoday.com
955,Gilemette Custard,F,Indonesia,Volvo,gcustardqi@europa.eu
956,Elvis Grogono,F,Japan,GMC,egrogonoqj@un.org
957,Miof mela Laxe,M,France,BMW,mmelaqk@ucla.edu
958,Joseph Vasenkov,M,Indonesia,Lincoln,jvasenkovql@weebly.com
959,Inness Penhaleurack,M,Kazakhstan,Audi,ipenhaleurackqm@delicious.com
960,Caren Guilford,F,Indonesia,Jaguar,cguilfordqn@wunderground.com
961,Lucy Whitemarsh,F,Brazil,Lotus,lwhitemarshqo@wix.com
962,Leicester Nolton,F,Botswana,Chevrolet,lnoltonqp@globo.com
963,Niki Peach,M,Greece,Jeep,npeachqq@amazon.de
964,Knox Fortin,M,China,Pontiac,kfortinqr@people.com.cn
965,Camala Neesam,M,China,Audi,cneesamqs@tmall.com
966,Kenon Jelfs,M,Russia,Buick,kjelfsqt@geocities.com
967,Teddi Ropcke,M,Russia,Ford,tropckequ@irs.gov
968,Kevina Thorndale,F,Russia,Toyota,kthorndaleqv@whitehouse.gov
969,Darla Pavett,F,Palestinian Territory,Plymouth,dpavettqw@domainmarket.com
970,Dannye Hatt,M,Malaysia,Hyundai,dhattqx@twitpic.com
971,Allys Haggar,F,China,Ford,ahaggarqy@unesco.org
972,Riobard Pyecroft,M,Montenegro,Pontiac,rpyecroftqz@github.com
973,Sandye Tames,F,Russia,Jeep,stamesr0@utexas.edu
974,Evyn Sweetzer,M,,,
975,Lani Yurtsev,M,,,
976,Zahara Mattosoff,M,China,Honda,zmattosoffr3@yandex.ru
977,Fabiano Bytheway,F,Mexico,Mazda,fbythewayr4@ted.com
978,Grata Yakutin,M,China,Buick,gyakutinr5@ifeng.com
979,Norma Biggar,M,Philippines,Dodge,nbiggarr6@blogger.com
980,Quill Huckfield,M,Argentina,Land Rover,qhuckfieldr7@smh.com.au
981,Lorianna Pymm,F,Poland,Nissan,lpymmr8@wikimedia.org
982,Rosemary Slegg,M,China,Lexus,rsleggr9@odnoklassniki.ru
983,Heriberto Woodthorpe,F,United States,Chevrolet,hwoodthorpera@cdbaby.com
984,Janaye Origan,F,China,Chevrolet,joriganrb@w3.org
985,Spike Cristofol,F,Argentina,Land Rover,scristofolrc@weather.com
986,Codie Fenners,F,Russia,GMC,cfennersrd@alibaba.com
987,Gordon Layus,F,Mexico,Austin,glayusre@themeforest.net
988,Sydelle Leaf,F,,,
989,Dick Olufsen,F,China,Jeep,dolufsenrg@geocities.com
990,Frazer Kyteley,M,Honduras,Pontiac,fkyteleyrh@weather.com
991,Iorgos Carp,F,China,GMC,icarpri@ifeng.com
992,Jilleen Kellart,M,Ireland,Toyota,jkellartrj@auda.org.au
993,Daron Bramford,F,Greece,Mazda,dbramfordrk@ox.ac.uk
994,Hamel Greer,F,France,Honda,hgreerrl@wsj.com
995,Jerrylee Pandya,F,Indonesia,Acura,jpandyarm@whitehouse.gov
996,Sigmund Eldin,M,Iran,GMC,seldinrn@vk.com
997,Elset Speachley,M,China,Mercedes-Benz,espeachleyro@dropbox.com
998,Granger Daniaud,M,China,Kia,gdaniaudrp@ocn.ne.jp
999,Franny Murdoch,F,Ukraine,Mazda,fmurdochrq@foxnews.com
1000,Mercie Biernat,F,Mali,Toyota,mbiernatrr@oaic.gov.au
